OrgName, OrgGuid, OrgManagers
system, 9450a753-9da3-40e0-9bdf-a6f7073622c1,
rehan, 42fd40ba-6c8c-4ff1-bff5-7bd43d99d7f1, rehan rehan2
credhub-service-broker-org, e1afee34-cb97-4986-8abe-3f433e766842, admin system_services
test, 907cd33a-329c-4680-8dfd-3a61690d4dec,
p-spring-cloud-services, 1faa4925-a3f0-4992-bc39-9ef8fbffada2, null null
taha, e99cdd92-f5b3-428d-9e94-8eed8b8a2d07,
test1, 5c62712a-fe03-4584-832c-2b31bc669d45, rehan
test2, 88a90c5d-948a-4253-90f6-9d2c0e71dbf0, rehan rehan3
test3, 79e6a6a0-520b-4aa9-a0bc-acd03dc27dc4, rehan
test4, eaba513c-d80a-4e98-ae32-1ac547f73b0b, rehan
1, eead3a1b-fef9-4cf8-95d2-cd22b495d25a, rehan
2, 7f214e04-1e1d-4c9c-800b-3dbcaca105bf, rehan
3, 1b87a28e-7e2b-421a-a254-f4ae67edf4d9, rehan
4, 11497724-1186-4a12-9044-f35aec56eeae, rehan
5, e6c3c6e2-1a63-4bbe-914e-99f851da0002, rehan
6, dd8e3505-c05e-42e3-84d1-cbe324cdb929, rehan
7, 809d87bf-6b75-4ec4-9e0b-19da141df196, rehan
8, dbc3dfe7-254b-4f69-b3d6-c65436b21c05, rehan
9, 10cc4d3e-aa3c-4021-871f-fdd0bf7de2cb, rehan
10, d36f4504-6935-47d1-be51-dfdb66cb5360, rehan
org1, c4e9753e-d8bd-451f-880c-4866380c2c57, rehan
org2, 56591cf1-9b8e-4ca5-881e-e4005823f919, rehan
org3, daa51497-adb0-4796-9071-58c554b0e986, rehan
org4, 8cb73e3b-7be9-47f7-8152-df7237a2c475, rehan
org5, 6a96524f-c8d8-4510-9b09-c62ce5f905aa, rehan
org6, f17147e2-9c61-491c-9af9-8077868eada1, rehan
org7, c5f6b856-d50a-40ec-8faf-6f6ba12f3136, rehan
org8, 74df7b0c-2652-4481-905e-fe80ffa3ead4, rehan
org9, bb8f838a-4d29-4c87-9d38-92eb6945e105, rehan
org10, d8c39836-fec4-4a2e-b40e-15419ec2bbff, rehan
org11, e4fe25e4-4538-4a51-bdc1-04454a6b1664, rehan
org12, a7b2bed6-9071-4b58-82ee-8afbb05bd62a, rehan
org13, c529f7fa-e462-47c4-bd8c-5bb839b5b1a0, rehan
org14, 5d62d286-0504-44e2-933d-fa2f5cc29bcf, rehan
org15, 40209b31-f752-4869-bad9-e68163111c83, rehan
org16, 2b45bf71-9909-491c-a657-d6c45d9e613e, rehan
org17, 521af38e-b38a-4feb-a38c-50878afe62f6, rehan
org18, 9aa441b7-54e1-4953-810f-c7a15653f345, rehan
org19, 2f1aa14f-d052-487b-bb98-2a4bf8916d13, rehan
org20, ebc0b936-9d92-48ee-916d-49c4581be009, rehan
org21, bf359385-f86b-4b36-a5c3-6b70a042124e, rehan
org22, fadad653-3ac7-49d7-b76e-e66d9f4b991c, rehan
org23, 241c65b9-a5eb-412e-b7a1-aa34260e4348, rehan
org24, 4abdf9e4-fd31-4ae5-a65b-4f5e864eb7c0, rehan
org25, cf945265-393c-49f1-94a7-e5b278193a86, rehan
org26, a60a06e5-8781-4155-8e92-552e3711a906, rehan
org27, d7918465-70a2-4c20-af9f-b9d6b82b643f, rehan
org28, a89ad030-e2e7-44c9-a047-da4348fa2979, rehan
org29, 259b375e-5ed5-4adf-99c9-2a3ae6500340, rehan
org30, 513d9cc7-5cbf-411d-9edf-c14ae7b0f782, rehan
org31, c28e39c4-93ad-414d-aef2-f3d87b52e4e4, rehan
org32, d89cdf70-4f7d-4e23-b10c-90ca674feb79, rehan
org33, 577e9521-7c83-4d75-9d26-250b3e3f64d2, rehan
org34, 0b693fe7-e4a9-4919-8c6d-b359e488b31f, rehan
org35, 582d8f28-3656-437f-bf3c-4882dd9eda54, rehan
org36, e222faf5-6153-4b61-9835-4213b8ae2594, rehan
org37, 2461a9a8-8396-44ed-a5e5-4ee9dc0d7c90, rehan
org38, f6b94e70-da42-49a2-a797-a19fc247ff88, rehan
org39, 4bcdd3b2-bbde-4205-9e31-e7d12f930df8, rehan
org40, f2dd8d0f-4e51-482e-8012-65d7221a04f0, rehan
org41, dab85460-1bc2-4db9-a912-754ca46641cf, rehan
org42, 1347fc29-8f91-4645-88bb-b7a7b0fc3f50, rehan
org43, 211943a1-8344-41dd-aee8-8ea18791e6a0, rehan
org44, a96ba38a-86e5-451f-9827-f12aa8702abe, rehan
org45, b0089097-f335-466f-b904-6a86620fd8b4, rehan
org46, 259159c2-2a34-437c-b4df-80a57c0a358b, rehan
org47, 38af3621-4e8e-45e4-b2b7-c2fc4010e6a4, rehan
org48, cd73f651-1cb1-431c-8169-aabfdd2717a9, rehan
org49, 1310f3ee-845b-4f1b-995c-e70dae3ec48f, rehan
org50, c6ceb875-e735-4628-85ef-eae5e79a91d6, rehan
